INSERT INTO Course VALUES (1,'CS','108','Introduction to Computing','CS1 in C++ and UNIX',4,NULL);
INSERT INTO Course VALUES (2,'CS','112','Introduction to Data Structures','CS2 in C++ and UNIX',4,NULL);
INSERT INTO Course VALUES (3,'CS','212','Data Structures and Algorithms','the core of CS',4,NULL);
INSERT INTO Course VALUES (4,'MATH','156','Discrete Structures','the basics of mathematics for cs',4,NULL);
INSERT INTO Course VALUES (5,'CS','214','Programming Languages','the basics for programming languages',4,NULL);
INSERT INTO Course VALUES (6,'CS','232','Operation Systems','intro to OS',3,NULL);
INSERT INTO Course VALUES (7,'CS','262','Software Engineering','intro to SE with UML and Java',3,NULL);
INSERT INTO Course VALUES (8,'CS','342','Database Systems','intro to DBMSs',3,NULL);
INSERT INTO Course VALUES (9,'CS','392','Perspectives on Computing','the CS capstone course',3,NULL);
INSERT INTO Course VALUES (10,'CS','312','Logic, Computability and Complexity','the advanced theory course',4,11);
INSERT INTO Course VALUES (11,'MATH','312','Logic, Computability and Complexity','the advanced theory course',4,10);

INSERT INTO Prerequisite VALUES (2,1);
INSERT INTO Prerequisite VALUES (3,2);
INSERT INTO Prerequisite VALUES (8,3);
INSERT INTO Prerequisite VALUES (8,7);

INSERT INTO Section VALUES (1,1,'A','FA','2011','VanderLinden');
INSERT INTO Section VALUES (2,1,'B','FA','2011','Plantinga');
INSERT INTO Section VALUES (3,1,'C','FA','2011','Nelesen');
INSERT INTO Section VALUES (4,2,'A','SP','2012','Nyhoff');
INSERT INTO Section VALUES (5,5,'A','SP','2012','Nelesen');
INSERT INTO Section VALUES (6,5,'B','SP','2012','Adams');
INSERT INTO Section VALUES (7,4,'A','FA','2011','Pruim');
INSERT INTO Section VALUES (8,3,'A','FA','2011','Plantinga');
INSERT INTO Section VALUES (9,6,'A','SP','2012','Adams');
INSERT INTO Section VALUES (10,7,'A','FA','2011','VanderLinden');
INSERT INTO Section VALUES (11,8,'A','SP','2012','VanderLinden');
INSERT INTO Section VALUES (12,9,'A','SP','2012','Plantinga');

INSERT INTO Student VALUES (210800,'Adam','Adams','m','01-JAN-1976','adams00','');
INSERT INTO Student VALUES (220800,'Bert','Benson','m','01-FEB-1976','benso00',210800);
INSERT INTO Student VALUES (230800,'Cathy','Cahill','f','01-MAR-1975','cahil00','');
INSERT INTO Student VALUES (213800,'Derrick','De Vries','m','01-APR-1977','De vr00','');
INSERT INTO Student VALUES (210801,'Ernest','Evers','m','10-MAY-1978','evers01','');
INSERT INTO Student VALUES (210932,'Francetta','Franks','f','21-JUN-1976','frank32','');
INSERT INTO Student VALUES (310800,'Gabby','Gonzales','f','04-JUL-1975','gonza00','');
INSERT INTO Student VALUES (320800,'Harold','Hornby','m','10-AUG-1973','hornb00','');
INSERT INTO Student VALUES (210833,'Inez','Inglewood','f','11-SEP-1980','ingle33','');
INSERT INTO Student VALUES (410800,'Jack','Jansma','m','01-OCT-1976','jones00','');
INSERT INTO Student VALUES (420821,'Kevin','Kline','m','01-NOV-1976','kline21','');
INSERT INTO Student VALUES (430870,'Laurance','Lancaster','f','01-DEC-1970','lanca70','');
INSERT INTO Student VALUES (430899,'Valery','VanderMeiden','f','24-DEC-1971','vmeid99','');

INSERT INTO GradeValue VALUES ('A', 1);
INSERT INTO GradeValue VALUES ('A-', 2);
INSERT INTO GradeValue VALUES ('B+', 3);
INSERT INTO GradeValue VALUES ('B', 4);
INSERT INTO GradeValue VALUES ('B-', 5);
INSERT INTO GradeValue VALUES ('C+', 6);
INSERT INTO GradeValue VALUES ('C', 7);
INSERT INTO GradeValue VALUES ('C-', 8);
INSERT INTO GradeValue VALUES ('D+', 9);
INSERT INTO GradeValue VALUES ('D', 10);
INSERT INTO GradeValue VALUES ('D-', 11);
INSERT INTO GradeValue VALUES ('F', 12);
INSERT INTO GradeValue VALUES ('W', 13);
INSERT INTO GradeValue VALUES ('N', 14);

INSERT INTO Enrollment VALUES (210800,11,NULL);
INSERT INTO Enrollment VALUES (220800,11,NULL);
INSERT INTO Enrollment VALUES (230800,11,NULL);
INSERT INTO Enrollment VALUES (210800,9,NULL);
INSERT INTO Enrollment VALUES (410800,1,NULL);
INSERT INTO Enrollment VALUES (230800,1,NULL);
INSERT INTO Enrollment VALUES (210833,1,NULL);
INSERT INTO Enrollment VALUES (213800,1,NULL);
INSERT INTO Enrollment VALUES (420821,1,NULL);
INSERT INTO Enrollment VALUES (210800,2,NULL);
INSERT INTO Enrollment VALUES (430870,3,NULL);
INSERT INTO Enrollment VALUES (210801,12,NULL);
INSERT INTO Enrollment VALUES (210932,12,NULL);
INSERT INTO Enrollment VALUES (320800,7,NULL);
INSERT INTO Enrollment VALUES (210800,7,NULL);

INSERT INTO Assignment VALUES (1,1,'lab',30);
INSERT INTO Assignment VALUES (2,1,'lab',30);
INSERT INTO Assignment VALUES (3,1,'lab',30);
INSERT INTO Assignment VALUES (4,1,'lab',30);
INSERT INTO Assignment VALUES (5,1,'lab',30);
INSERT INTO Assignment VALUES (6,1,'lab',0);
INSERT INTO Assignment VALUES (1,1,'proj',100);
INSERT INTO Assignment VALUES (2,1,'proj',100);
INSERT INTO Assignment VALUES (3,1,'proj',100);
INSERT INTO Assignment VALUES (4,1,'proj',0);
INSERT INTO Assignment VALUES (5,1,'proj',130);
INSERT INTO Assignment VALUES (6,1,'proj',0);
INSERT INTO Assignment VALUES (1,1,'quiz',20);
INSERT INTO Assignment VALUES (2,1,'quiz',20);
INSERT INTO Assignment VALUES (3,1,'quiz',20);
INSERT INTO Assignment VALUES (4,1,'quiz',0);
INSERT INTO Assignment VALUES (5,1,'quiz',0);
INSERT INTO Assignment VALUES (6,1,'quiz',0);
INSERT INTO Assignment VALUES (1,1,'final',100);
INSERT INTO Assignment VALUES (1,11,'lab',30);
INSERT INTO Assignment VALUES (2,11,'lab',30);
INSERT INTO Assignment VALUES (3,11,'lab',30);
INSERT INTO Assignment VALUES (4,11,'lab',30);
INSERT INTO Assignment VALUES (5,11,'lab',30);
INSERT INTO Assignment VALUES (6,11,'lab',30);
INSERT INTO Assignment VALUES (1,11,'proj',50);
INSERT INTO Assignment VALUES (2,11,'proj',50);
INSERT INTO Assignment VALUES (3,11,'proj',50);
INSERT INTO Assignment VALUES (4,11,'proj',50);
INSERT INTO Assignment VALUES (5,11,'proj',50);
INSERT INTO Assignment VALUES (6,11,'proj',50);

INSERT INTO AssignmentType VALUES (1,'lab',0.2);
INSERT INTO AssignmentType VALUES (1,'proj',0.3);
INSERT INTO AssignmentType VALUES (1,'quiz',0.4);
INSERT INTO AssignmentType VALUES (1,'final',0.1);

INSERT INTO StudentAssignment VALUES (410800,1,'lab',1,30);
INSERT INTO StudentAssignment VALUES (410800,2,'lab',1,25);
INSERT INTO StudentAssignment VALUES (410800,3,'lab',1,10);
INSERT INTO StudentAssignment VALUES (410800,4,'lab',1,5);
INSERT INTO StudentAssignment VALUES (410800,5,'lab',1,30);
INSERT INTO StudentAssignment VALUES (410800,1,'proj',1,100);
INSERT INTO StudentAssignment VALUES (410800,2,'proj',1,99);
INSERT INTO StudentAssignment VALUES (410800,3,'proj',1,100);
INSERT INTO StudentAssignment VALUES (410800,5,'proj',1,75);
INSERT INTO StudentAssignment VALUES (410800,1,'quiz',1,19);
INSERT INTO StudentAssignment VALUES (410800,2,'quiz',1,12);
INSERT INTO StudentAssignment VALUES (410800,3,'quiz',1,16);
INSERT INTO StudentAssignment VALUES (410800,1,'final',1,70);
INSERT INTO StudentAssignment VALUES (420821,1,'lab',1,30);
INSERT INTO StudentAssignment VALUES (420821,2,'lab',1,30);
INSERT INTO StudentAssignment VALUES (420821,3,'lab',1,15);
INSERT INTO StudentAssignment VALUES (420821,4,'lab',1,5);
INSERT INTO StudentAssignment VALUES (420821,5,'lab',1,25);
INSERT INTO StudentAssignment VALUES (420821,1,'proj',1,80);
INSERT INTO StudentAssignment VALUES (420821,2,'proj',1,100);
INSERT INTO StudentAssignment VALUES (420821,3,'proj',1,95);
INSERT INTO StudentAssignment VALUES (420821,5,'proj',1,85);
INSERT INTO StudentAssignment VALUES (420821,1,'quiz',1,19);
INSERT INTO StudentAssignment VALUES (420821,2,'quiz',1,17);
INSERT INTO StudentAssignment VALUES (420821,3,'quiz',1,16);
INSERT INTO StudentAssignment VALUES (420821,1,'final',1,80);
INSERT INTO StudentAssignment VALUES (230800,1,'lab',1,0);
INSERT INTO StudentAssignment VALUES (230800,2,'lab',1,10);
INSERT INTO StudentAssignment VALUES (230800,3,'lab',1,10);
INSERT INTO StudentAssignment VALUES (230800,4,'lab',1,5);
INSERT INTO StudentAssignment VALUES (230800,5,'lab',1,30);
INSERT INTO StudentAssignment VALUES (230800,1,'proj',1,0);
INSERT INTO StudentAssignment VALUES (230800,2,'proj',1,0);
INSERT INTO StudentAssignment VALUES (230800,3,'proj',1,50);
INSERT INTO StudentAssignment VALUES (230800,5,'proj',1,75);
INSERT INTO StudentAssignment VALUES (230800,1,'quiz',1,10);
INSERT INTO StudentAssignment VALUES (230800,2,'quiz',1,6);
INSERT INTO StudentAssignment VALUES (230800,3,'quiz',1,12);
INSERT INTO StudentAssignment VALUES (230800,3,'final',1,93);
INSERT INTO StudentAssignment VALUES (210833,1,'lab',1,30);
INSERT INTO StudentAssignment VALUES (210833,2,'lab',1,25);
INSERT INTO StudentAssignment VALUES (210833,3,'lab',1,30);
INSERT INTO StudentAssignment VALUES (210833,4,'lab',1,15);
INSERT INTO StudentAssignment VALUES (210833,5,'lab',1,30);
INSERT INTO StudentAssignment VALUES (210833,1,'proj',1,100);
INSERT INTO StudentAssignment VALUES (210833,2,'proj',1,99);
INSERT INTO StudentAssignment VALUES (210833,3,'proj',1,100);
INSERT INTO StudentAssignment VALUES (210833,5,'proj',1,70);
INSERT INTO StudentAssignment VALUES (210833,1,'quiz',1,20);
INSERT INTO StudentAssignment VALUES (210833,2,'quiz',1,19);
INSERT INTO StudentAssignment VALUES (210833,3,'quiz',1,17);
INSERT INTO StudentAssignment VALUES (210833,1,'final',1,0);
INSERT INTO StudentAssignment VALUES (213800,1,'lab',1,30);
INSERT INTO StudentAssignment VALUES (213800,2,'lab',1,25);
INSERT INTO StudentAssignment VALUES (213800,3,'lab',1,30);
INSERT INTO StudentAssignment VALUES (213800,4,'lab',1,25);
INSERT INTO StudentAssignment VALUES (213800,5,'lab',1,30);
INSERT INTO StudentAssignment VALUES (213800,1,'proj',1,100);
INSERT INTO StudentAssignment VALUES (213800,2,'proj',1,99);
INSERT INTO StudentAssignment VALUES (213800,3,'proj',1,100);
INSERT INTO StudentAssignment VALUES (213800,5,'proj',1,125);
INSERT INTO StudentAssignment VALUES (213800,1,'quiz',1,20);
INSERT INTO StudentAssignment VALUES (213800,2,'quiz',1,19);
INSERT INTO StudentAssignment VALUES (213800,3,'quiz',1,18);
INSERT INTO StudentAssignment VALUES (213800,1,'final',1,96);
INSERT INTO StudentAssignment VALUES (210800,1,'lab',2,30);
INSERT INTO StudentAssignment VALUES (210800,2,'lab',2,25);
INSERT INTO StudentAssignment VALUES (210800,3,'lab',2,30);
INSERT INTO StudentAssignment VALUES (210800,4,'lab',2,25);
INSERT INTO StudentAssignment VALUES (210800,5,'lab',2,30);
INSERT INTO StudentAssignment VALUES (210800,1,'proj',2,100);
INSERT INTO StudentAssignment VALUES (210800,2,'proj',2,99);
INSERT INTO StudentAssignment VALUES (210800,3,'proj',2,100);
INSERT INTO StudentAssignment VALUES (210800,5,'proj',2,100);
INSERT INTO StudentAssignment VALUES (210800,1,'quiz',2,20);
INSERT INTO StudentAssignment VALUES (210800,2,'quiz',2,12);
INSERT INTO StudentAssignment VALUES (210800,3,'quiz',2,12);
INSERT INTO StudentAssignment VALUES (210800,1,'final',2,70);
INSERT INTO StudentAssignment VALUES (430870,1,'lab',3,30);
INSERT INTO StudentAssignment VALUES (430870,2,'lab',3,25);
INSERT INTO StudentAssignment VALUES (430870,3,'lab',3,30);
INSERT INTO StudentAssignment VALUES (430870,4,'lab',3,0);
INSERT INTO StudentAssignment VALUES (430870,5,'lab',3,0);
INSERT INTO StudentAssignment VALUES (430870,1,'proj',3,100);
INSERT INTO StudentAssignment VALUES (430870,2,'proj',3,99);
INSERT INTO StudentAssignment VALUES (430870,3,'proj',3,100);
INSERT INTO StudentAssignment VALUES (430870,5,'proj',3,0);
INSERT INTO StudentAssignment VALUES (430870,1,'quiz',3,20);
INSERT INTO StudentAssignment VALUES (430870,2,'quiz',3,0);
INSERT INTO StudentAssignment VALUES (430870,3,'quiz',3,0);
INSERT INTO StudentAssignment VALUES (430870,1,'final',3,0);

INSERT INTO Team VALUES (1,1,'the A team');
INSERT INTO Team VALUES (1,10,'Grim Reapers');
INSERT INTO Team VALUES (2,10,'Dilbert Unlimited');

INSERT INTO StudentTeam VALUES (420821,1,1);
INSERT INTO StudentTeam VALUES (210833,1,1);
INSERT INTO StudentTeam VALUES (410800,1,10);
INSERT INTO StudentTeam VALUES (420821,1,10);
INSERT INTO StudentTeam VALUES (210833,2,10);

INSERT INTO TeamAssignment VALUES (1,4,'proj',1,90);
